-- phpMyAdmin SQL Dump
-- version 5.1.1deb5ubuntu1
-- https://www.phpmyadmin.net/
--
-- Host: localhost:3306
-- 생성 시간: 22-12-06 23:56
-- 서버 버전: 10.6.11-MariaDB-0ubuntu0.22.04.1
-- PHP 버전: 8.1.2-1ubuntu2.8

SET SQL_MODE = "NO_AUTO_VALUE_ON_ZERO";
START TRANSACTION;
SET time_zone = "+00:00";


/*!40101 SET @OLD_CHARACTER_SET_CLIENT=@@CHARACTER_SET_CLIENT */;
/*!40101 SET @OLD_CHARACTER_SET_RESULTS=@@CHARACTER_SET_RESULTS */;
/*!40101 SET @OLD_COLLATION_CONNECTION=@@COLLATION_CONNECTION */;
/*!40101 SET NAMES utf8mb4 */;

--
-- 데이터베이스: `correction`
--

-- --------------------------------------------------------

--
-- 테이블 구조 `answer`
--

CREATE TABLE `answer` (
  `answer_idx` int(11) NOT NULL,
  `question_idx` int(11) NOT NULL,
  `users_name` varchar(255) NOT NULL,
  `content` text DEFAULT NULL,
  `is_check` int(11) NOT NULL DEFAULT 0,
  `create_date` timestamp NULL DEFAULT current_timestamp()
) ENGINE=InnoDB DEFAULT CHARSET=utf8mb4 COLLATE=utf8mb4_unicode_520_ci;

--
-- 테이블의 덤프 데이터 `answer`
--

INSERT INTO `answer` (`answer_idx`, `question_idx`, `users_name`, `content`, `is_check`, `create_date`) VALUES
(40, 51, 'Ellui', '제가 또 C언어 마스터기 때문에 도와드리겠습니다!', 0, '2022-10-25 05:43:00'),
(41, 53, 'nagull', '작업관리자에 들어가서 찾아보시고 강제종료해보세요', 0, '2022-10-25 05:43:34'),
(42, 58, 'holmsted', '자바나 C언어 보다는 PHP가 더 좋아요\r\n(이 글은 자의로 작성 되었습니다.) ', 0, '2022-10-25 05:57:51'),
(43, 59, 'Rocce', '아 요즘 누가 파이썬을 해요 ... ㅋㅋ\r\n자바를 하세요 자바를', 0, '2022-10-25 06:09:32'),
(44, 58, 'Rocce', 'C보다는 당연히 자바가 훨씬 좋죠...!\r\n비교할걸 비교하셔야지...ㅋ', 0, '2022-10-25 06:11:00'),
(45, 59, 'holmsted', '아 ㅋㅋ 나도 사실 C++로 플레 달았음...', 1, '2022-10-25 07:37:25'),
(46, 56, 'holmsted', '발표 팁을 드리자면 앞에 있는 관중들이 모두 본인보다 못한 사람들 이라고 생각을 하면 그나마 더 할만 해집니다. 이 방법은 저도 많이 쓰고 있어요 ^^', 0, '2022-10-25 07:42:49'),
(47, 59, '짱무일이다', '저요 저요 저도 플레티넘 달고 싶어요', 0, '2022-10-25 07:46:51'),
(48, 63, '짱무일이다', '답변좀여', 0, '2022-10-25 07:52:29'),
(49, 62, '짱무일이다', '저요 저요 저요 저요 저요 저요 저요 저요 저요 저요 저요\r\n형 저랑 같이 해주세요 제발요', 0, '2022-10-25 07:54:18'),
(50, 63, '나는 대형이다', '디자인은 마음을 경건하게 먹고 편안한 마음으로 하면 더 잘됩니다 ^_^b', 0, '2022-10-25 07:59:18'),
(51, 67, '그리즐리 베어', '아 같이 가실래여?', 0, '2022-10-25 08:02:40'),
(52, 64, '그리즐리 베어', '하세요 절대 하세요 당신의 취업률이 올라갑니다.', 0, '2022-10-25 08:03:50'),
(53, 61, '그리즐리 베어', '저 백엔드는 아니고... 프론트인데 저도 좀 합류 할 수 있을까요? ', 0, '2022-10-25 08:04:51'),
(54, 57, '그리즐리 베어', '어 저도 좀 같이 배울 수 있을까요? ㅋㅋ...', 0, '2022-10-25 08:05:35'),
(55, 65, '그리즐리 베어', '어 같이 하실래요? 아 맞다 나 100점이구나 화이팅~\r\n^^', 0, '2022-10-25 08:17:40'),
(56, 60, '그리즐리 베어', '저 가고 싶어요! 주로 C++ 사용합니다.\r\n', 0, '2022-10-25 08:26:45'),
(57, 74, 'Ellui', '아니요 진짜 너무 쓰레기에요 절대 절대 절대 하지마세요 만약 이미 하셨다면 하신 기억은 모두 지우고 PWA나 리액트 네이티브를 하세요 만약 아직 하지 않았다면 그냥 쳐다도 보지 마세요', 0, '2022-10-25 08:37:48'),
(58, 74, 'holmsted', '작성자님이 생각하시는 그대로에요 안드스 보다 PWA나 리액트 네이티브가 훨씬 성능이 좋습니다. 만약 본인이 시간이 많고 멘탈도 강하다면 한번쯤 해보시는 것도 추천합니다..ㅎ ', 0, '2022-10-25 08:42:06'),
(59, 54, 'holmsted', '설명해 드릴게요 시간 언제가 괜찮으세요?', 0, '2022-10-25 08:43:37'),
(60, 65, 'holmsted', '저 재시는 안치는데 같이 공부하면서 모르는 부분 알려 드릴 수는 있어요 ㅎ', 0, '2022-10-25 08:45:00'),
(61, 70, 'holmsted', '제가 님보다 AWS 잘할 듯...? ㅋㅋ', 0, '2022-10-25 08:45:26'),
(62, 72, 'holmsted', '길게 말 안 하겠습니다.\r\n사례는 라면 혹은 과자 입니다.', 0, '2022-10-25 08:46:07'),
(63, 73, 'holmsted', '호오... 이거는 좀 배워보고 싶네요', 0, '2022-10-25 08:46:44'),
(64, 71, 'holmsted', '저도 파이썬 시작 한지 얼마 안되기는 했는데 어느 정도는 가르쳐 드릴 수 있어요 같이 공부하면서 서로 모르는 부분은 도와주는 그런 공부 메이트 하지 않을래요?', 0, '2022-10-25 08:49:20'),
(65, 68, 'holmsted', 'Entity는 db에 접근하기 위해 사용 되는 domain 느낌이고 domain은 비지니스 로직을 수행하기 위한 객체? 정도로 알고 계시면 되겠습니다.', 0, '2022-10-25 08:53:39'),
(66, 66, 'holmsted', '자바 스프링 누가해요 ㅋㅋ...', 0, '2022-10-25 08:54:12'),
(67, 51, 'holmsted', '엇... 원하시면 저도 도와드릴 수 있어요!', 0, '2022-10-25 08:54:57'),
(68, 74, 'Dev_pmh', '시간 비례 성능 개 안 좋은 언어 입니다. 그런 언어 공부하는 것 보다 차라리 그 시간에 수면을 하는 걸 추천해 드립니다.', 0, '2022-10-25 08:58:19'),
(69, 72, 'Dev_pmh', '과제는 스스로 해야지 본인 실력이 늘어나는 것 입니다.', 0, '2022-10-25 09:00:09'),
(70, 64, 'Dev_pmh', 'html이면 몇 십줄 길게는 몇 백줄 까지 가야하는 코드를 리액트는 훨씬 줄일 수 있습니다.', 0, '2022-10-25 09:01:09'),
(73, 67, 'Dksjxd', '이미 신청함ㅋㅋㅋ', 0, '2022-10-26 12:08:07'),
(74, 75, 'Dksjxd', '풉', 0, '2022-10-26 12:13:11'),
(76, 76, '투투루삥뽕', '아령하세요~~~~', 1, '2022-10-26 12:19:10'),
(77, 77, '투투루삥뽕', '아령하세요~~', 1, '2022-10-26 12:19:39'),
(80, 80, 'holmsted', '2', 0, '2022-10-29 11:47:59'),
(81, 75, 'ddddd', '저좀알려주세요\r\n힛', 0, '2022-11-03 05:03:08'),
(82, 83, 'guest', 'ㅋㅋ', 0, '2022-11-03 05:09:26'),
(83, 75, 'Pmhonly', '와 저도 듣고싶어요', 0, '2022-11-08 04:53:07'),
(84, 86, '나는고양이', '배우 오영수님은 올해로 78세 이십니다', 1, '2022-11-10 02:44:16'),
(85, 75, '나는고양이', 'php도 하시나요', 0, '2022-11-11 11:34:54'),
(86, 53, '나는고양이', '컴퓨터를 껐다가 켜 보시는 걸 추천할게요.', 0, '2022-11-11 11:37:26'),
(87, 59, '나는고양이', 'Rocce님, 누가 알고리즘 프로그래밍을 자바로 합니까? ', 0, '2022-11-11 11:38:07'),
(88, 74, '나는고양이', '안드로이드 스튜디오는 우리집 보일러로 제격이에요 ㅎㅎ', 0, '2022-11-11 11:38:42'),
(89, 51, '나는고양이', 'https://minimin2.tistory.com/9\r\n참고하세요', 0, '2022-11-11 11:39:33'),
(90, 54, 'orange', '너누구야\r\n', 0, '2022-11-12 02:57:57'),
(91, 54, 'orange', '노드가왜싫어', 0, '2022-11-12 02:58:04'),
(92, 91, '나는고양이', '프로젝트 많이하면 실력도 올라갑니다!', 0, '2022-11-15 01:05:26'),
(93, 91, 'jinhyo', '누가함\r\nㅋ', 0, '2022-11-22 11:22:51'),
(94, 92, '나는고양이', '어쩌라는거지', 0, '2022-11-28 06:05:08'),
(95, 74, 'lcw060403', '개좋습니다. 일단 개차반인 &#039;웹앱&#039; &lt;&lt; 과의 차이점은\r\n\r\n1. 네이티브 기능 사용\r\n\r\n이미 이 기능으로 압살가능입니다 ㅎㅎ', 0, '2022-11-29 05:07:28'),
(96, 75, 'lcw060403', '러스트 원해요', 0, '2022-11-29 05:08:11'),
(97, 58, 'lcw060403', '', 0, '2022-11-29 05:10:59'),
(98, 58, 'lcw060403', 'C가 압살합니다 ㅎㅎ', 0, '2022-11-29 05:11:07');

-- --------------------------------------------------------

--
-- 테이블 구조 `chat`
--

CREATE TABLE `chat` (
  `idx` int(11) NOT NULL,
  `chat_idx` int(11) NOT NULL,
  `user_idx` int(11) DEFAULT NULL,
  `text` varchar(255) DEFAULT NULL,
  `datetime` datetime DEFAULT NULL
) ENGINE=InnoDB DEFAULT CHARSET=utf8mb4 COLLATE=utf8mb4_unicode_520_ci;

--
-- 테이블의 덤프 데이터 `chat`
--

INSERT INTO `chat` (`idx`, `chat_idx`, `user_idx`, `text`, `datetime`) VALUES
(1, 1, 45, 'ㅎㅇ', '2022-10-28 12:06:19'),
(2, 1, 45, 'ㅎㅇ', '2022-10-28 12:06:19'),
(3, 1, 45, 'ㅎㅇ', '2022-10-28 12:06:19'),
(4, 1, 45, 'ㅎㅇ', '2022-10-28 12:06:19'),
(5, 1, 45, 'ㅎㅇ', '2022-10-28 12:06:19'),
(6, 1, 45, 'ㅎㅇ', '2022-10-28 12:06:19'),
(7, 1, 45, 'ㅎㅇ', '2022-10-28 12:06:19'),
(8, 1, 45, 'ㅎㅇ', '2022-10-28 12:06:19'),
(9, 1, 45, 'ㅎㅇ', '2022-10-28 12:06:19'),
(10, 2, 32, '안녕', '2022-10-28 12:07:12'),
(11, 1, 45, 'ㅎㅇ', '2022-10-28 12:06:19'),
(12, 2, 32, '안녕', '2022-10-28 12:07:12'),
(13, 1, 45, 'ㅎㅇ', '2022-10-28 12:06:19'),
(14, 2, 32, '안녕', '2022-10-28 12:07:12'),
(15, 4, 32, '하이', '2022-10-28 12:07:28'),
(16, 1, 45, 'ㅎㅇ', '2022-10-28 12:06:19'),
(17, 2, 32, '안녕', '2022-10-28 12:07:12'),
(18, 4, 32, '하이', '2022-10-28 12:07:28'),
(19, 7, 32, '하이!', '2022-10-28 12:10:22'),
(20, 7, 32, '오랜만!', '2022-10-28 12:10:23'),
(21, 1, 45, 'ㅎㅇ', '2022-10-28 12:06:19'),
(22, 2, 32, '안녕', '2022-10-28 12:07:12'),
(23, 4, 32, '하이', '2022-10-28 12:07:28'),
(24, 7, 32, '하이!', '2022-10-28 12:10:22'),
(25, 7, 32, '오랜만!', '2022-10-28 12:10:23'),
(26, 7, 41, '오 안녕', '2022-10-28 12:10:50'),
(27, 7, 41, '오랜만이야', '2022-10-28 12:10:52'),
(28, 1, 45, 'ㅎㅇ', '2022-10-28 12:06:19'),
(29, 2, 32, '안녕', '2022-10-28 12:07:12'),
(30, 4, 32, '하이', '2022-10-28 12:07:28'),
(31, 7, 32, '하이!', '2022-10-28 12:10:22'),
(32, 7, 32, '오랜만!', '2022-10-28 12:10:23'),
(33, 7, 41, '오 안녕', '2022-10-28 12:10:50'),
(34, 7, 41, '오랜만이야', '2022-10-28 12:10:52'),
(35, 1, 45, 'ㅎㅇ', '2022-10-28 12:06:19'),
(36, 2, 32, '안녕', '2022-10-28 12:07:12'),
(37, 4, 32, '하이', '2022-10-28 12:07:28'),
(38, 7, 32, '하이!', '2022-10-28 12:10:22'),
(39, 7, 32, '오랜만!', '2022-10-28 12:10:23'),
(40, 7, 41, '오 안녕', '2022-10-28 12:10:50'),
(41, 7, 41, '오랜만이야', '2022-10-28 12:10:52'),
(42, 1, 45, 'ㅎㅇ', '2022-10-28 12:06:19'),
(43, 2, 32, '안녕', '2022-10-28 12:07:12'),
(44, 4, 32, '하이', '2022-10-28 12:07:28'),
(45, 7, 32, '하이!', '2022-10-28 12:10:22'),
(46, 7, 32, '오랜만!', '2022-10-28 12:10:23'),
(47, 7, 41, '오 안녕', '2022-10-28 12:10:50'),
(48, 7, 41, '오랜만이야', '2022-10-28 12:10:52'),
(49, 1, 45, 'ㅎㅇ', '2022-10-28 12:06:19'),
(50, 2, 32, '안녕', '2022-10-28 12:07:12'),
(51, 4, 32, '하이', '2022-10-28 12:07:28'),
(52, 7, 32, '하이!', '2022-10-28 12:10:22'),
(53, 7, 32, '오랜만!', '2022-10-28 12:10:23'),
(54, 7, 41, '오 안녕', '2022-10-28 12:10:50'),
(55, 7, 41, '오랜만이야', '2022-10-28 12:10:52'),
(56, 1, 45, 'ㅎㅇ', '2022-10-28 12:06:19'),
(57, 2, 32, '안녕', '2022-10-28 12:07:12'),
(58, 4, 32, '하이', '2022-10-28 12:07:28'),
(59, 7, 32, '하이!', '2022-10-28 12:10:22'),
(60, 7, 32, '오랜만!', '2022-10-28 12:10:23'),
(61, 7, 41, '오 안녕', '2022-10-28 12:10:50'),
(62, 7, 41, '오랜만이야', '2022-10-28 12:10:52'),
(63, 1, 45, 'ㅎㅇ', '2022-10-28 12:06:19'),
(64, 2, 32, '안녕', '2022-10-28 12:07:12'),
(65, 4, 32, '하이', '2022-10-28 12:07:28'),
(66, 7, 32, '하이!', '2022-10-28 12:10:22'),
(67, 7, 32, '오랜만!', '2022-10-28 12:10:23'),
(68, 7, 41, '오 안녕', '2022-10-28 12:10:50'),
(69, 7, 41, '오랜만이야', '2022-10-28 12:10:52'),
(70, 1, 45, 'ㅎㅇ', '2022-10-28 12:06:19'),
(71, 2, 32, '안녕', '2022-10-28 12:07:12'),
(72, 4, 32, '하이', '2022-10-28 12:07:28'),
(73, 7, 32, '하이!', '2022-10-28 12:10:22'),
(74, 7, 32, '오랜만!', '2022-10-28 12:10:23'),
(75, 7, 41, '오 안녕', '2022-10-28 12:10:50'),
(76, 7, 41, '오랜만이야', '2022-10-28 12:10:52'),
(77, 1, 45, '1', '2022-10-28 12:12:34'),
(78, 1, 45, '1', '2022-10-28 12:12:34'),
(79, 1, 45, '1', '2022-10-28 12:12:34'),
(80, 7, 41, '아니 이거 대체 왜이래', '2022-10-28 12:12:41'),
(81, 1, 45, '1', '2022-10-28 12:12:34'),
(82, 7, 41, '아니 이거 대체 왜이래', '2022-10-28 12:12:41'),
(83, 1, 45, '1', '2022-10-28 12:12:34'),
(84, 7, 41, '아니 이거 대체 왜이래', '2022-10-28 12:12:41'),
(85, 1, 45, '1', '2022-10-28 12:12:34'),
(86, 7, 41, '아니 이거 대체 왜이래', '2022-10-28 12:12:41'),
(87, 1, 45, '1', '2022-10-28 12:12:34'),
(88, 7, 41, '아니 이거 대체 왜이래', '2022-10-28 12:12:41'),
(89, 1, 45, '1', '2022-10-28 12:12:34'),
(90, 7, 41, '아니 이거 대체 왜이래', '2022-10-28 12:12:41'),
(91, 7, 41, '뭐지', '2022-10-28 12:12:58'),
(92, 1, 45, '2', '2022-10-28 12:13:54'),
(93, 1, 45, '2', '2022-10-28 12:13:54'),
(94, 1, 45, '2', '2022-10-28 12:13:54'),
(95, 1, 45, '2', '2022-10-28 12:13:54'),
(96, 1, 45, '3', '2022-10-28 12:16:08'),
(97, 8, 41, 'ㅎㅇ', '2022-10-28 12:17:05'),
(98, 8, 45, 'ㅎㅇ', '2022-10-28 12:19:09'),
(99, 2, 32, '안녕이라니까', '2022-10-28 12:19:26'),
(100, 2, 32, '야', '2022-10-28 12:19:29'),
(101, 2, 32, '대덥해', '2022-10-28 12:19:31'),
(102, 8, 45, '안녕', '2022-10-28 12:19:49'),
(103, 8, 45, '1', '2022-10-28 12:20:27'),
(104, 8, 45, '2', '2022-10-28 12:20:42'),
(105, 8, 41, '뭐야 왜 안들어가', '2022-10-28 12:20:43'),
(106, 8, 41, '야', '2022-10-28 12:20:44'),
(107, 8, 41, '보임?', '2022-10-28 12:20:46'),
(108, 8, 45, 'ㅇㅇ', '2022-10-28 12:20:48'),
(109, 8, 41, '오', '2022-10-28 12:20:49'),
(110, 8, 45, '바꿨음', '2022-10-28 12:20:50'),
(111, 8, 41, '된다', '2022-10-28 12:20:50'),
(112, 8, 41, '개쩐다 섹스', '2022-10-28 12:20:53'),
(113, 8, 41, '아 저거 지워줘', '2022-10-28 12:20:57'),
(114, 8, 45, '뭘', '2022-10-28 12:21:00'),
(115, 8, 45, '저거 지우는 기능은', '2022-10-28 12:21:04'),
(116, 8, 45, '없습니다~', '2022-10-28 12:21:06'),
(117, 8, 41, '디비들어가서', '2022-10-28 12:21:08'),
(118, 8, 41, '지워줘', '2022-10-28 12:21:09'),
(119, 8, 45, 'ㅋㅋ', '2022-10-28 12:21:10'),
(120, 8, 41, '빼액', '2022-10-28 12:21:11'),
(121, 8, 41, '근데 야 위에', '2022-10-28 12:21:14'),
(122, 8, 45, '그냥 고로시 당하라고', '2022-10-28 12:21:15'),
(123, 8, 45, 'ㅇ?', '2022-10-28 12:21:17'),
(124, 8, 41, '이름 줄바뀌는거', '2022-10-28 12:21:18'),
(125, 8, 41, '수정하려고 스타일을 바꿨는데', '2022-10-28 12:21:27'),
(126, 8, 41, '적용이 안됨', '2022-10-28 12:21:29'),
(127, 8, 45, 'css만 건든거?', '2022-10-28 12:21:35'),
(128, 8, 41, 'ㅇㅇ', '2022-10-28 12:21:38'),
(129, 8, 45, '너가 다시 한번 올려봐', '2022-10-28 12:21:42'),
(130, 8, 45, '내가 한다고 파일 전체 바꿨었음', '2022-10-28 12:21:48'),
(131, 8, 45, '내가 바꾸면서 바뀐듯?', '2022-10-28 12:21:56'),
(132, 8, 41, '아아 오키', '2022-10-28 12:21:57'),
(133, 8, 45, '기능 추가할꺼 좀 더 해봄', '2022-10-28 12:22:04'),
(134, 8, 41, 'ㅇㅋㅇㅋ', '2022-10-28 12:23:07'),
(135, 8, 41, '했음', '2022-10-28 12:24:25'),
(136, 8, 41, '고침 대가리', '2022-10-28 12:24:27'),
(137, 8, 41, '.otherUserName{         width: 70%;         text-align: center;         left: 17%;     }', '2022-10-28 12:24:35'),
(138, 8, 41, 'chating.php 바꿀때', '2022-10-28 12:24:47'),
(139, 8, 41, '저거 있는지 확인하고 해줘', '2022-10-28 12:24:51'),
(140, 9, 41, '안녕하세요', '2022-10-28 15:15:07'),
(141, 9, 41, '하이', '2022-10-28 15:15:10'),
(142, 8, 41, '야 준환아', '2022-10-28 17:34:02'),
(143, 8, 41, '채팅이 존나 잘된다는걸 알았어요', '2022-10-29 00:02:48'),
(144, 8, 41, '히히 기분좋다', '2022-10-29 00:02:51'),
(145, 8, 41, '오 모듈에서', '2022-10-29 00:04:04'),
(146, 8, 41, 'XSS도 막아준데', '2022-10-29 00:04:09'),
(147, 8, 41, '주네', '2022-10-29 00:04:11'),
(148, 1, 45, '1', '2022-11-01 08:21:48'),
(149, 1, 45, '3', '2022-11-01 16:15:59'),
(150, 1, 45, 'ㅎㅇ', '2022-11-02 21:58:30'),
(151, 1, 45, 'gd', '2022-11-03 14:55:23'),
(152, 1, 45, '1', '2022-11-03 16:54:52'),
(153, 1, 45, '12312', '2022-11-03 20:25:47'),
(154, 1, 45, '1', '2022-11-03 20:25:47'),
(155, 1, 45, '231', '2022-11-03 20:25:47'),
(243, 13, 41, '안녕!', '2022-11-08 16:37:24'),
(244, 13, 41, '반가워', '2022-11-08 16:37:29'),
(245, 13, 41, '나는 경북소프트웨어고등학교에 다니는', '2022-11-08 16:37:36'),
(246, 13, 41, '소원이라고 해', '2022-11-08 16:37:45'),
(247, 13, 49, '안녕', '2022-11-08 16:37:58'),
(249, 13, 49, '반가워', '2022-11-08 16:38:10'),
(250, 13, 41, '경북소프트웨어고등학교 부스에 온걸 환영해', '2022-11-09 09:51:16'),
(251, 13, 41, '캡스톤 프로젝트에 대해서 설명해줄게', '2022-11-09 09:56:40'),
(254, 13, 41, '캡스톤 프로젝트는 경북소프트웨어고등학교에서 ', '2022-11-09 10:00:13'),
(255, 13, 41, '학기 단위로 진행하는 대규모 프로젝트야', '2022-11-09 10:00:14'),
(257, 13, 41, 'ㅎㅎ', '2022-11-09 15:13:04'),
(270, 13, 49, 'ㅇㅇ', '2022-11-10 14:59:45'),
(271, 26, 41, '안녕하세요', '2022-11-10 15:58:09'),
(272, 26, 41, '저 C언어가 궁금해서 매칭했어요', '2022-11-10 15:58:17'),
(273, 27, 31, 'lIllIIll', '2022-11-10 16:52:18'),
(274, 28, 45, '1', '2022-11-10 16:56:22'),
(275, 29, 49, '밴갭솁네다', '2022-11-11 10:16:33'),
(276, 29, 49, 'Java가 무엇인지 궁금해요', '2022-11-11 10:17:05'),
(277, 29, 49, '손을 java?', '2022-11-11 10:17:14'),
(278, 29, 49, '죄송합니다 ', '2022-11-11 10:17:25'),
(279, 30, 49, '반갑습니다 ', '2022-11-11 10:18:48'),
(280, 30, 49, 'ㅈ', '2022-11-11 10:19:01'),
(281, 13, 49, '안녕하세요', '2022-11-11 10:19:15'),
(282, 13, 49, '밥도 ', '2022-11-11 10:19:19'),
(283, 13, 49, '드셨나요', '2022-11-11 10:19:24'),
(284, 13, 41, '네 먹고 왔습니다', '2022-11-11 10:19:30'),
(285, 13, 49, '힘드실텐데 파이팅 ..', '2022-11-11 10:19:34'),
(286, 29, 49, 'ㅋㅋ', '2022-11-11 10:26:28'),
(287, 29, 49, '너누구야', '2022-11-11 10:26:41'),
(288, 29, 49, '나는 대붕이다', '2022-11-11 10:26:52'),
(289, 13, 49, '사랑해 ', '2022-11-11 10:46:03'),
(290, 33, 41, 'DI', '2022-11-11 11:41:27'),
(291, 33, 41, '야', '2022-11-11 11:41:29'),
(292, 33, 41, '니 누구야', '2022-11-11 11:41:30'),
(293, 34, 49, 'ㅎㅇ', '2022-11-11 14:31:55'),
(294, 35, 41, '안녕하세요!', '2022-11-14 14:24:08'),
(295, 35, 41, 'C언어 질문있어서 연락드려요!', '2022-11-14 14:24:17'),
(296, 35, 34, '아 네 안녕하세요', '2022-11-14 05:24:44'),
(297, 36, 41, '?', '2022-11-18 15:38:30'),
(298, 36, 41, '뭐야 계정 언제만듬', '2022-11-18 15:38:35'),
(299, 37, 51, '안녕하세요', '2022-11-22 11:21:41'),
(300, 37, 51, '파이선 백엔드', '2022-11-22 11:21:43'),
(301, 37, 51, '어떻게 합니까', '2022-11-22 11:21:48'),
(302, 38, 41, '안녕하세요', '2022-11-28 17:56:40'),
(303, 38, 41, '🐵', '2022-11-28 17:56:57'),
(304, 39, 41, 'ㅇㅇ', '2022-11-28 18:00:49'),
(305, 39, 41, '야', '2022-11-28 18:00:51'),
(306, 39, 41, '채팅봐', '2022-11-28 18:00:53'),
(307, 39, 54, '오', '2022-11-28 18:01:08'),
(308, 39, 54, 'ㅎㅇ', '2022-11-28 18:01:11'),
(309, 39, 41, '오', '2022-11-28 18:01:11'),
(310, 39, 41, '이게 되네', '2022-11-28 18:01:13'),
(311, 39, 41, '가끔 서버 끊기던데', '2022-11-28 18:01:18');

-- --------------------------------------------------------

--
-- 테이블 구조 `chat_room`
--

CREATE TABLE `chat_room` (
  `idx` int(11) NOT NULL,
  `host_user_idx` int(11) NOT NULL,
  `member_user_idx` int(11) NOT NULL,
  `create_date` date NOT NULL
) ENGINE=InnoDB DEFAULT CHARSET=utf8mb4 COLLATE=utf8mb4_unicode_520_ci;

--
-- 테이블의 덤프 데이터 `chat_room`
--

INSERT INTO `chat_room` (`idx`, `host_user_idx`, `member_user_idx`, `create_date`) VALUES
(13, 49, 41, '2022-11-08'),
(31, 49, 38, '2022-11-11'),
(32, 49, 45, '2022-11-11'),
(33, 41, 47, '2022-11-11'),
(34, 49, 33, '2022-11-11'),
(35, 41, 34, '2022-11-14'),
(36, 41, 48, '2022-11-18'),
(37, 51, 48, '2022-11-22'),
(38, 41, 36, '2022-11-28'),
(39, 41, 54, '2022-11-28'),
(40, 54, 49, '2022-11-29');

-- --------------------------------------------------------

--
-- 테이블 구조 `fallow`
--

CREATE TABLE `fallow` (
  `friends_idx` int(11) NOT NULL,
  `user_idx` int(11) NOT NULL,
  `create_date` datetime DEFAULT NULL
) ENGINE=InnoDB DEFAULT CHARSET=utf8mb4 COLLATE=utf8mb4_unicode_520_ci;

-- --------------------------------------------------------

--
-- 테이블 구조 `interest_list_name`
--

CREATE TABLE `interest_list_name` (
  `idx` int(11) NOT NULL,
  `user_idx` bigint(20) NOT NULL,
  `name` varchar(255) DEFAULT NULL
) ENGINE=InnoDB DEFAULT CHARSET=utf8mb4 COLLATE=utf8mb4_unicode_520_ci;

-- --------------------------------------------------------

--
-- 테이블 구조 `question`
--

CREATE TABLE `question` (
  `idx` int(11) NOT NULL,
  `title` varchar(255) NOT NULL,
  `users_name` varchar(255) NOT NULL,
  `interest_idx` int(11) DEFAULT NULL,
  `context` varchar(255) DEFAULT NULL,
  `create_date` varchar(225) DEFAULT NULL,
  `create_time` varchar(255) NOT NULL,
  `update_datetime` datetime DEFAULT NULL,
  `is_check` int(11) NOT NULL DEFAULT 0,
  `view` int(11) NOT NULL DEFAULT 0
) ENGINE=InnoDB DEFAULT CHARSET=utf8mb4 COLLATE=utf8mb4_unicode_520_ci;

--
-- 테이블의 덤프 데이터 `question`
--

INSERT INTO `question` (`idx`, `title`, `users_name`, `interest_idx`, `context`, `create_date`, `create_time`, `update_datetime`, `is_check`, `view`) VALUES
(51, 'C언어 질문입니다', 'nagull', NULL, '스택이나 큐같은 자료구조를 공부하는게 너무 어려워요\r\n가르쳐주실분 구해요', '2022-10-25', '17:39:32', NULL, 0, 26),
(53, 'localhost 오류', 'Ellui', NULL, 'localhost 관련해서 오류가 생겼는데 뭐가 문제를 일으키는지 모르겠네여... 분명 8080서버를 사용하는 중이 아닌데도 서버가 열려 있다고 오류가 나요;', '2022-10-25', '17:42:32', NULL, 0, 60),
(54, '노드자스 진짜 싫어요', 'Ellui', NULL, '노드 내용이 진짜 농담 아니고 하나도 이해가 안가요\r\n천천히 이해하기 쉽게 친절하게 설명해주실 선생님 구합니다.', '2022-10-25', '17:46:03', NULL, 0, 13),
(55, 'SQLD 같이 공부할 친구?', 'Ellui', NULL, '제목 그대로 입니다. 이번에 SQLD 시험 치는 분들 중에 저랑 같이 공부하실 분 구합니다. 딱 2명에서 3명 정도가 가장 적당할 것 같아요', '2022-10-25', '17:47:12', NULL, 0, 2),
(56, 'ppt 제작과 발표에 관하여 질문이 있습니다.', 'Ellui', NULL, '제가 발표 울렁증이 있어서 많은 사람들 앞에 서기만 하면 머리가 하얘집니다. ㅜ 그러다 보니 ppt도 많이 만들어 본적이 없어서 어떻게 만들어야 할지도 모르겠고 발표도 잘해보고 싶은데 너무 어렵네요. 저에게 발표에 관하여 도움을 주세요 ㅜ 제발요', '2022-10-25', '17:50:56', NULL, 0, 5),
(57, '살려주세요 살려주세요 살려주세요 살려주세요 ', 'Ellui', NULL, '살려주세요 살려주세요 살려주세요 살려주세요 살려주세요 살려주세요 살려주세요 살려주세요 살려주세요 살려주세요  과제가 너무 많아요 특히 jsp는 아예 시작도 못했어요 제발 저한테 jsp좀 가르쳐 주세요....', '2022-10-25', '17:52:06', NULL, 0, 3),
(58, '자바가 좋아요 C언어가 좋아요?', 'Ellui', NULL, '뭐가 좋아여? 저의 앞날이 걸려있는 매우 중요한 정보입니다. 빠른 답변 부탁 드릴게여', '2022-10-25', '17:54:06', NULL, 0, 15),
(59, '파이썬 알고리즘 배움 받을분 구합니다.', 'holmsted', NULL, '제목 그대로에요 현재 백준 티어는 플레티넘 이고 거의다 알려드릴 수 있습니다.', '2022-10-25', '18:02:49', NULL, 0, 26),
(60, '서울대학교 캡스톤 대회 같이 참여하실 학우분을 구하고 있습니다.', 'holmsted', NULL, '이번에 서울대학교에서 캡스톤 프로젝트가 열리는데 팀원(최소 3명 최대 6명)이 있어야 참여가 가능하더라고요 그래서 저와 함께 같이 참여 하실 분은 댓글 달아 주세요.', '2022-10-25', '18:06:39', NULL, 0, 9),
(61, '개인 프로젝트 시작해보려 하는데 같이 하실 백엔드 구합니다.', 'holmsted', NULL, '대충 게시판 비슷한거 만드는 개인 프로젝트인데 당신의 도움이 필요합니다.', '2022-10-25', '19:40:13', NULL, 0, 5),
(62, 'html, css, js', 'holmsted', NULL, '저랑 같이 기초부터 공부할 친구 찾아요~!', '2022-10-25', '19:43:39', NULL, 0, 4),
(63, '디자인 잘하는 방법 배우고 싶어요', '짱무일이다', NULL, '디자인 하는 것만 1달 가까이 사용 하는 저를 보고 충격을 먹었습니다. 디자인 빠르게 깔끔하게 끝내는 방법 배우고 싶습니다.', '2022-10-25', '19:51:25', NULL, 0, 5),
(64, '리액트 굳이 해야 하나요?', '짱무일이다', NULL, '진짜로 굳이 해야 하나요? html, js, css만 하면 안되나요? 너무 하기 싫어요 ', '2022-10-25', '19:53:07', NULL, 0, 9),
(65, 'SQL 재시 같이 공부해줄 친구 찾아요', '짱무일이다', NULL, 'ㅈㅂ 저랑 같이 공부해주세요', '2022-10-25', '19:55:05', NULL, 0, 5),
(66, '자바 스프링 이해 안가는거 설명해 드릴게요', '나는 대형이다', NULL, '스프링 고인물 입니다. 저만 믿고 이해 안 가는 부분 다 물어보세요! ', '2022-10-25', '19:58:20', NULL, 0, 4),
(67, '같이 안동대 해커톤 뿌시고 올 사람?', '나는 대형이다', NULL, '빨리 답변 해줘 시간 얼마 안 남았어 ㅇㅅㅇ', '2022-10-25', '20:00:40', NULL, 0, 8),
(68, '엔티티랑 도메인 차이가 뭐에요?', '그리즐리 베어', NULL, '뭐냐니까요?', '2022-10-25', '20:16:46', NULL, 0, 8),
(69, '테스트', 'admin', NULL, '테스트등록', '2022-10-25', '20:21:30', NULL, 0, 6),
(70, 'AWS 저한테 배우실분?', 'js_bear', NULL, '저 AWS 경진 대회도 나갈 정도로 AWS 잘 다룹니다.\r\n저한테 AWS 배우고 싶으시면 댓글 달아주세요 ^_^', '2022-10-25', '20:30:39', NULL, 0, 5),
(71, '파이썬 백엔드 생각보다 어렵네요', 'js_bear', NULL, '파이썬 백엔드 좀 배우고 싶어요', '2022-10-25', '20:31:37', NULL, 0, 6),
(72, 'jsp 과제 다 하신분...?', 'js_bear', NULL, 'jsp 과제 다 하신 분 중에 저한테 좀 가르쳐 주실 분이 있으신가요?', '2022-10-25', '20:32:15', NULL, 0, 12),
(73, '서버 구축하는 방법 알려드립니다.', 'js_bear', NULL, '서버 구축 배우고 싶으시면 댓글 달아주세요 A부터 Z까지 천천히 완벽하게 정확하게 친절하게 알려 드리겠습니다. ㅎㅎㅎㅎㅎ', '2022-10-25', '20:34:06', NULL, 0, 7),
(74, '안드로이드 스튜디오 좋은가요?', 'js_bear', NULL, '안드로이드 스튜디오 좋은가요? 저만 별로인거 같나요...? 아무리 봐도 PWA나 RN이 더 좋은거 같은데....ㅎ', '2022-10-25', '20:35:04', NULL, 0, 35),
(75, '왠만한 언어 다 합니다.', 'Dev_pmh', NULL, 'C언어, java, 파이썬, GO 거의 왠만한 프로그래밍 언어는 다 할 수 있습니다. 배움을 원하시면 댓글 달아주세요.', '2022-10-25', '20:59:38', NULL, 0, 49),
(83, 'ㅋㅋ', 'ddddd', NULL, 'ㅋㅋ', '2022-11-03', '17:02:48', NULL, 0, 10),
(84, '안녕하세요 반갑습니다', 'Pmhonly', NULL, 'ITC 융합 엑스포에 오신 여러분들을 환영합니다!', '2022-11-08', '09:58:56', NULL, 0, 9),
(85, '안녕하세요', 'Pmhonly', NULL, 'ㅎㅎ', '2022-11-09', '15:59:15', NULL, 0, 3),
(86, '일남이 할아버지 몇살이야', 'Pmhonly', NULL, '이븐 며ㅕㅍㅊ살이심', '2022-11-10', '14:42:37', NULL, 1, 12),
(87, '환영합니다', '나는고양이', NULL, 'ㅎㅎ', '2022-11-10', '14:43:36', NULL, 0, 3),
(88, 'ㅎㅇ', 'Pmhonly', NULL, 'ㅎㅇ', '2022-11-10', '14:43:53', NULL, 0, 3),
(90, '게임고수', 'Pmhonly', NULL, '잘하는법좀', '2022-11-11', '14:31:03', NULL, 0, 17),
(91, 'php잘하는법좀', 'orange', NULL, 'ㄹㅇㅋㅋ', '2022-11-12', '14:59:08', NULL, 0, 11),
(92, '배고프다', 'jinhyo', NULL, '배고파', '2022-11-22', '11:22:37', NULL, 0, 7),
(93, '러스트 알려드립니다', 'lcw060403', NULL, '🦀', '2022-11-29', '17:10:20', NULL, 0, 0);

-- --------------------------------------------------------

--
-- 테이블 구조 `question_img`
--

CREATE TABLE `question_img` (
  `idx` int(11) NOT NULL,
  `question_idx` int(11) NOT NULL,
  `path` varchar(255) DEFAULT NULL
) ENGINE=InnoDB DEFAULT CHARSET=utf8mb4 COLLATE=utf8mb4_unicode_520_ci;

--
-- 테이블의 덤프 데이터 `question_img`
--

INSERT INTO `question_img` (`idx`, `question_idx`, `path`) VALUES
(33, 52, '2022-10-25 17:39:43Ellui잉옹.jpg'),
(34, 59, '2022-10-25 18:02:49holmsted잉옹ㅇ.png'),
(35, 76, '2022-10-26 12:18:49나는고양이IMG_20221024_081539_933.jpg'),
(36, 77, '2022-10-26 12:18:52나는고양이IMG_20221024_081539_933.jpg'),
(37, 80, '2022-10-28 11:14:27qwer1234unknown.jpg'),
(38, 85, '2022-11-09 15:59:15Pmhonlyimage.png'),
(39, 86, '2022-11-10 14:42:37Pmhonlyimage.png'),
(40, 91, '2022-11-12 14:59:08orangepororo.jfif'),
(41, 92, '2022-11-22 11:22:37jinhyo2206_1_2.jpg');

-- --------------------------------------------------------

--
-- 테이블 구조 `users`
--

CREATE TABLE `users` (
  `idx` int(11) NOT NULL,
  `id` varchar(20) DEFAULT NULL,
  `password` varchar(255) DEFAULT NULL,
  `email` varchar(255) DEFAULT NULL,
  `ProfileImg` varchar(255) DEFAULT NULL,
  `last_login_datetime` datetime DEFAULT NULL,
  `point` int(11) NOT NULL DEFAULT 0,
  `profile` varchar(255) DEFAULT NULL
) ENGINE=InnoDB DEFAULT CHARSET=utf8mb4 COLLATE=utf8mb4_unicode_520_ci;

--
-- 테이블의 덤프 데이터 `users`
--

INSERT INTO `users` (`idx`, `id`, `password`, `email`, `ProfileImg`, `last_login_datetime`, `point`, `profile`) VALUES
(28, 'Ellui', '974781dfdc06908b32cefc73e82a1019', 'Ellui123@gmail.com', 'user.png', NULL, 0, NULL),
(29, 'nagull', '268ea449ff60731e0233a3223a6b886f', 'kakaro1029@naver.com', 'user.png', NULL, 50, NULL),
(30, 'admin', '81dc9bdb52d04dc20036dbd8313ed055', 'admin@google.com', 'user.png', NULL, 0, NULL),
(31, 'holmsted', 'f6109803078fb57b4d170ec37b3d1102', 'holmsted123@gmail.com', 'user.png', NULL, 0, NULL),
(32, 'Dksjxd', '81dc9bdb52d04dc20036dbd8313ed055', 'kakaka@naver.com', 'user.png', NULL, 0, NULL),
(33, 'Rocce', '3cae3b87bf05036fb476205ea58f1393', 'Rocce123@gmail.com', 'user.png', NULL, 0, NULL),
(34, '짱무일이다', '340c930aa94509373ee8be7cf616cde5', 'jjangmooil@gmail.com', 'user.png', NULL, 0, NULL),
(35, '나는 대형이다', '65b56e30aba0c1a5029f281c72398f9a', 'nicenice123@gmail.com', 'user.png', NULL, 0, NULL),
(36, '그리즐리 베어', '679657a9e5b05a213e1013c934b2d864', 'junhyeong1im@gmail.com', 'user.png', NULL, 0, NULL),
(37, 'js_bear', 'ba8fb8ead3aa62db0f5d1541bc17e094', 'jsbear@gmail.com', 'user.png', NULL, 0, NULL),
(38, 'Dev_pmh', '9b62d7eb80104378ea0cb1a07c372f54', 'pmhOnly@gmail.com', 'user.png', NULL, 0, NULL),
(39, 'sexyq', '81dc9bdb52d04dc20036dbd8313ed055', 'sex@sex.com', 'sexyqshark-coloring-book-corvette-stingray-chevrolet-corvette-manta-ray-shark-ec6abcb5de99f1f7e09e0244974a665d.png', NULL, 0, NULL),
(40, 'jang1151', '5a65756f04f0c907bab97d30bc95a578', 'hyuseonj771@gmail.com', 'user.png', NULL, 0, NULL),
(41, '나는고양이', '81dc9bdb52d04dc20036dbd8313ed055', 'dori@naver.com', '나는고양이1666741987614.jpg', NULL, 50, NULL),
(42, '투투루삥뽕', '7a134e3b2169a1f16ea1c98e731eac1c', 'hsjang0506@naver.com', '투투루삥뽕9a8544fde933f612.png.jpg', NULL, 100, NULL),
(43, 'Test63', 'dd019d2558f6e70837033950dbfe587a', 'testwave63@gmail.com', 'user.png', NULL, 0, NULL),
(44, 'limij', '81dc9bdb52d04dc20036dbd8313ed055', '2021sw1_14@sc.gyo6.net', 'limijunknown.jpg', NULL, 0, NULL),
(45, 'qwer1234', '81dc9bdb52d04dc20036dbd8313ed055', 'kakang1026@gmail.com', 'user.png', NULL, 0, NULL),
(46, 'ddddd', '50f84daf3a6dfd6a9f20c9f8ef428942', 'ddd@ddd.com', 'user.png', NULL, 0, NULL),
(47, 'guest', '81dc9bdb52d04dc20036dbd8313ed055', 'guest@guest.com', 'user.png', NULL, 0, NULL),
(48, 'kanghyun3130', '43db4770d44a8ff8aacd967401b9e379', 'kanghyunkim313@gmail.com', 'user.png', NULL, 0, NULL),
(49, 'Pmhonly', '81dc9bdb52d04dc20036dbd8313ed055', 'lll@gmail.com', 'user.png', NULL, 0, NULL),
(50, 'orange', '81dc9bdb52d04dc20036dbd8313ed055', 'orange@orange.com', 'orangeorange.jpg', NULL, 0, NULL),
(51, 'jinhyo', '81dc9bdb52d04dc20036dbd8313ed055', 'admin@jinhyo.dev', 'user.png', NULL, 0, NULL),
(53, 'mingyu5743', '3b06d5b54a3513345fea0b3edd361cc1', 'mingyu9570@gmail.com', 'user.png', NULL, 0, NULL),
(54, 'lcw060403', 'd6c5c315e8c79b17a9e67dd4561038fd', 'lcw060403@gmail.com', 'user.png', NULL, 0, NULL);

-- --------------------------------------------------------

--
-- 테이블 구조 `user_interest`
--

CREATE TABLE `user_interest` (
  `idx` int(11) NOT NULL,
  `user_idx` int(11) NOT NULL,
  `interest_idx` varchar(50) NOT NULL
) ENGINE=InnoDB DEFAULT CHARSET=utf8mb4 COLLATE=utf8mb4_unicode_520_ci;

--
-- 테이블의 덤프 데이터 `user_interest`
--

INSERT INTO `user_interest` (`idx`, `user_idx`, `interest_idx`) VALUES
(180, 27, 'C'),
(181, 27, 'C++'),
(182, 27, 'Java'),
(183, 27, 'HTML'),
(184, 27, 'CSS'),
(185, 27, 'JS'),
(186, 27, 'JSP'),
(187, 27, 'React'),
(188, 28, 'C'),
(189, 28, 'C++'),
(190, 28, 'Java'),
(191, 28, 'HTML'),
(192, 28, 'CSS'),
(193, 28, 'JS'),
(194, 28, 'React'),
(195, 29, 'C'),
(196, 29, 'HTML'),
(197, 29, 'CSS'),
(198, 29, 'JS'),
(199, 30, 'other'),
(200, 31, 'C'),
(201, 31, 'C++'),
(202, 31, 'Java'),
(203, 31, 'JavaSpring'),
(204, 31, 'HTML'),
(205, 31, 'CSS'),
(206, 31, 'JS'),
(207, 31, 'JSP'),
(208, 31, 'React'),
(209, 31, 'other'),
(210, 32, 'C'),
(211, 33, 'Java'),
(212, 33, 'JavaSpring'),
(213, 33, 'HTML'),
(214, 33, 'CSS'),
(215, 33, 'JS'),
(216, 33, 'JSP'),
(217, 33, 'node'),
(218, 33, 'React'),
(219, 33, 'Vue'),
(220, 34, 'C'),
(221, 34, 'Java'),
(222, 34, 'HTML'),
(223, 34, 'CSS'),
(224, 34, 'JS'),
(225, 34, 'JSP'),
(226, 34, 'React'),
(227, 34, 'other'),
(228, 35, 'C'),
(229, 35, 'C++'),
(230, 35, 'PythonAl'),
(231, 35, 'Java'),
(232, 35, 'JavaSpring'),
(233, 35, 'HTML'),
(234, 35, 'CSS'),
(235, 35, 'JS'),
(236, 35, 'Go'),
(237, 35, 'JSP'),
(238, 35, 'node'),
(239, 35, 'React'),
(240, 35, 'Sql'),
(241, 35, 'Linux'),
(242, 35, 'other'),
(243, 36, 'C'),
(244, 36, 'C++'),
(245, 36, 'Java'),
(246, 36, 'HTML'),
(247, 36, 'CSS'),
(248, 36, 'JS'),
(249, 36, 'React'),
(250, 36, 'Ts'),
(251, 37, 'PythonBack'),
(252, 37, 'Go'),
(253, 37, 'Sql'),
(254, 37, 'other'),
(255, 38, 'C'),
(256, 38, 'C++'),
(257, 38, 'PythonAl'),
(258, 38, 'PythonBack'),
(259, 38, 'Java'),
(260, 38, 'JavaSpring'),
(261, 38, 'HTML'),
(262, 38, 'CSS'),
(263, 38, 'JS'),
(264, 38, 'Go'),
(265, 38, 'JSP'),
(266, 38, 'node'),
(267, 38, 'React'),
(268, 38, 'Vue'),
(269, 38, 'Ts'),
(270, 38, 'Sql'),
(271, 38, 'Linux'),
(272, 39, 'JS'),
(273, 39, 'React'),
(274, 40, 'C'),
(275, 40, 'HTML'),
(276, 40, 'CSS'),
(277, 40, 'JSP'),
(278, 41, 'Ts'),
(279, 42, 'C'),
(280, 42, 'HTML'),
(281, 42, 'CSS'),
(282, 42, 'JSP'),
(283, 43, 'C'),
(284, 44, 'C'),
(285, 44, 'Ruby'),
(286, 44, 'PHP'),
(287, 45, 'C'),
(288, 46, 'C#'),
(289, 46, 'C++'),
(290, 46, 'PythonBack'),
(291, 46, 'JavaSpring'),
(292, 47, 'C'),
(293, 47, 'HTML'),
(294, 47, 'CSS'),
(295, 47, 'React'),
(296, 48, 'PythonAl'),
(297, 48, 'PythonBack'),
(298, 48, 'Go'),
(299, 48, 'node'),
(300, 49, 'C'),
(301, 50, 'node'),
(302, 51, 'C++'),
(303, 51, 'PythonAl'),
(304, 51, 'HTML'),
(305, 51, 'CSS'),
(306, 51, 'JS'),
(307, 51, 'node'),
(308, 51, 'React'),
(309, 51, 'Ts'),
(310, 51, 'Sql'),
(311, 51, 'Linux'),
(312, 51, 'other'),
(313, 52, 'C++'),
(314, 53, 'HTML'),
(315, 53, 'CSS'),
(316, 53, 'JS'),
(317, 53, 'React'),
(318, 54, 'C#'),
(319, 54, 'C++'),
(320, 54, 'Java'),
(321, 54, 'HTML'),
(322, 54, 'CSS'),
(323, 54, 'JS'),
(324, 54, 'Rust'),
(325, 54, 'node'),
(326, 54, 'React'),
(327, 54, 'Sql'),
(328, 54, 'Android');

-- --------------------------------------------------------

--
-- 테이블 구조 `vote`
--

CREATE TABLE `vote` (
  `idx` int(11) NOT NULL,
  `left_title` varchar(255) NOT NULL DEFAULT '0',
  `right_title` varchar(255) NOT NULL DEFAULT '0',
  `left_interest_idx` int(11) NOT NULL DEFAULT 0,
  `right_interest_idx` int(11) NOT NULL DEFAULT 0,
  `title` varchar(255) DEFAULT NULL
) ENGINE=InnoDB DEFAULT CHARSET=utf8mb4 COLLATE=utf8mb4_unicode_520_ci;

--
-- 테이블의 덤프 데이터 `vote`
--

INSERT INTO `vote` (`idx`, `left_title`, `right_title`, `left_interest_idx`, `right_interest_idx`, `title`) VALUES
(1, 'C', 'JAVA', 92, 6, NULL);

-- --------------------------------------------------------

--
-- 테이블 구조 `voted_user`
--

CREATE TABLE `voted_user` (
  `idx` int(11) NOT NULL,
  `user_idx` int(11) NOT NULL,
  `vote_idx` int(11) NOT NULL,
  `is_right_voted` bit(1) DEFAULT NULL
) ENGINE=InnoDB DEFAULT CHARSET=utf8mb4 COLLATE=utf8mb4_unicode_520_ci;

--
-- 덤프된 테이블의 인덱스
--

--
-- 테이블의 인덱스 `answer`
--
ALTER TABLE `answer`
  ADD PRIMARY KEY (`answer_idx`);

--
-- 테이블의 인덱스 `chat`
--
ALTER TABLE `chat`
  ADD PRIMARY KEY (`idx`);

--
-- 테이블의 인덱스 `chat_room`
--
ALTER TABLE `chat_room`
  ADD PRIMARY KEY (`idx`);

--
-- 테이블의 인덱스 `fallow`
--
ALTER TABLE `fallow`
  ADD PRIMARY KEY (`friends_idx`);

--
-- 테이블의 인덱스 `question`
--
ALTER TABLE `question`
  ADD PRIMARY KEY (`idx`);

--
-- 테이블의 인덱스 `question_img`
--
ALTER TABLE `question_img`
  ADD PRIMARY KEY (`idx`);

--
-- 테이블의 인덱스 `users`
--
ALTER TABLE `users`
  ADD PRIMARY KEY (`idx`);

--
-- 테이블의 인덱스 `user_interest`
--
ALTER TABLE `user_interest`
  ADD PRIMARY KEY (`idx`);

--
-- 테이블의 인덱스 `vote`
--
ALTER TABLE `vote`
  ADD PRIMARY KEY (`idx`);

--
-- 테이블의 인덱스 `voted_user`
--
ALTER TABLE `voted_user`
  ADD PRIMARY KEY (`idx`);

--
-- 덤프된 테이블의 AUTO_INCREMENT
--

--
-- 테이블의 AUTO_INCREMENT `answer`
--
ALTER TABLE `answer`
  MODIFY `answer_idx` int(11) NOT NULL AUTO_INCREMENT, AUTO_INCREMENT=99;

--
-- 테이블의 AUTO_INCREMENT `chat`
--
ALTER TABLE `chat`
  MODIFY `idx` int(11) NOT NULL AUTO_INCREMENT, AUTO_INCREMENT=312;

--
-- 테이블의 AUTO_INCREMENT `chat_room`
--
ALTER TABLE `chat_room`
  MODIFY `idx` int(11) NOT NULL AUTO_INCREMENT, AUTO_INCREMENT=41;

--
-- 테이블의 AUTO_INCREMENT `fallow`
--
ALTER TABLE `fallow`
  MODIFY `friends_idx` int(11) NOT NULL AUTO_INCREMENT;

--
-- 테이블의 AUTO_INCREMENT `question`
--
ALTER TABLE `question`
  MODIFY `idx` int(11) NOT NULL AUTO_INCREMENT, AUTO_INCREMENT=94;

--
-- 테이블의 AUTO_INCREMENT `question_img`
--
ALTER TABLE `question_img`
  MODIFY `idx` int(11) NOT NULL AUTO_INCREMENT, AUTO_INCREMENT=42;

--
-- 테이블의 AUTO_INCREMENT `users`
--
ALTER TABLE `users`
  MODIFY `idx` int(11) NOT NULL AUTO_INCREMENT, AUTO_INCREMENT=55;

--
-- 테이블의 AUTO_INCREMENT `user_interest`
--
ALTER TABLE `user_interest`
  MODIFY `idx` int(11) NOT NULL AUTO_INCREMENT, AUTO_INCREMENT=329;

--
-- 테이블의 AUTO_INCREMENT `vote`
--
ALTER TABLE `vote`
  MODIFY `idx` int(11) NOT NULL AUTO_INCREMENT, AUTO_INCREMENT=2;

--
-- 테이블의 AUTO_INCREMENT `voted_user`
--
ALTER TABLE `voted_user`
  MODIFY `idx` int(11) NOT NULL AUTO_INCREMENT;
COMMIT;

/*!40101 SET CHARACTER_SET_CLIENT=@OLD_CHARACTER_SET_CLIENT */;
/*!40101 SET CHARACTER_SET_RESULTS=@OLD_CHARACTER_SET_RESULTS */;
/*!40101 SET COLLATION_CONNECTION=@OLD_COLLATION_CONNECTION */;
